<?xml version="1.0" encoding="UTF-8"?>
<project-private xmlns="http://www.netbeans.org/ns/project-private/1">
    <editor-bookmarks xmlns="http://www.netbeans.org/ns/editor-bookmarks/2" lastBookmarkId="0"/>
    <open-files xmlns="http://www.netbeans.org/ns/projectui-open-files/2">
        <group>
            <file>file:/C:/Users/JoséM/Documents/NetBeansProjects/Acme%20Corporation/src/acme/corporation/Staff.java</file>
            <file>file:/C:/Users/JoséM/Documents/NetBeansProjects/Acme%20Corporation/src/acme/corporation/Employee.java</file>
            <file>file:/C:/Users/JoséM/Documents/NetBeansProjects/Acme%20Corporation/src/acme/corporation/ManagementEmployee.java</file>
            <file>file:/C:/Users/JoséM/Documents/NetBeansProjects/Acme%20Corporation/src/acme/corporation/EngineeringEmployee.java</file>
            <file>file:/C:/Users/JoséM/Documents/NetBeansProjects/Acme%20Corporation/src/acme/corporation/AdministrationEmployee.java</file>
            <file>file:/C:/Users/JoséM/Documents/NetBeansProjects/Acme%20Corporation/src/acme/corporation/Employed.java</file>
            <file>file:/C:/Users/JoséM/Documents/NetBeansProjects/Acme%20Corporation/test/Test.java</file>
        </group>
    </open-files>
</project-private>
